{"cameraMode":{"drawMode":0,"name":"Shaded","section":"Shading Mode"},"sceneLighting":true,"audioPlay":false,"sceneViewState":{"m_AlwaysRefresh":false,"showFog":true,"showSkybox":false,"showFlares":true,"showImageEffects":true,"showParticleSystems":true,"showVisualEffectGraphs":true,"m_FxEnabled":true},"in2DMode":false,"pivot":{"x":-22.608367919921876,"y":-15.43632984161377,"z":-41.391319274902347},"rotation":{"x":0.052384234964847568,"y":-0.9474050402641296,"z":0.2118586301803589,"w":0.23426486551761628},"size":34.78754425048828,"orthographic":false}