{"cameraMode":{"drawMode":0,"name":"Shaded","section":"Shading Mode"},"sceneLighting":true,"audioPlay":false,"sceneViewState":{"m_AlwaysRefresh":false,"showFog":true,"showSkybox":true,"showFlares":true,"showImageEffects":true,"showParticleSystems":true,"showVisualEffectGraphs":true,"m_FxEnabled":true},"in2DMode":false,"pivot":{"x":390.7181091308594,"y":225.02891540527345,"z":221.01004028320313},"rotation":{"x":-0.11204758286476135,"y":0.8416823148727417,"z":-0.19158628582954408,"w":-0.4922507405281067},"size":26.073423385620118,"orthographic":false}