{"cameraMode":{"drawMode":0,"name":"Shaded","section":"Shading Mode"},"sceneLighting":false,"audioPlay":false,"sceneViewState":{"m_AlwaysRefresh":false,"showFog":true,"showSkybox":false,"showFlares":true,"showImageEffects":true,"showParticleSystems":true,"showVisualEffectGraphs":true,"m_FxEnabled":true},"in2DMode":false,"pivot":{"x":-0.0027031898498535158,"y":0.7109436988830566,"z":-0.7644115686416626},"rotation":{"x":-0.17891690135002137,"y":0.7166970372200012,"z":-0.19912490248680116,"w":-0.6439718008041382},"size":4.916736602783203,"orthographic":false}